Id, Throughput in this window (events/second), Entire throughput for the run (events/second), Total elapsed time(s), Average latency per event (ms), Entire Average latency per event (ms), Total number of events received (non-atomic)
1,600,600,16.65,10.748,10.748,10000
2,12658,1146,17.443,3.8289,7.28845,20000
3,29239,1686,17.786,3.1953,5.924066666666667,30000
4,15898,2172,18.416,2.6106,5.0957,40000
5,25445,2658,18.81,2.1276,4.50208,50000
6,23640,3119,19.233,1.7563,4.04445,60000
7,48780,3601,19.438,1.7005,3.7096,70000
8,28011,4041,19.795,2.5518,3.564875,80000
9,26178,4460,20.177,1.5822,3.344577777777778,90000
10,30120,4875,20.509,2.0435,3.21447,100000
11,31545,5281,20.826,1.7121,3.0778909090909092,110000
12,40816,5695,21.071,1.8151,2.9726583333333334,120000
13,53763,6115,21.257,1.4658,2.856746153846154,130000
14,45454,6518,21.477,1.4625,2.757157142857143,140000
15,40322,6904,21.725,3.7381,2.8225533333333335,150000
16,47169,7293,21.937,0.631,2.68558125,160000
17,43478,7669,22.167,2.1126,2.651876470588235,170000
18,30303,8001,22.497,3.0163,2.6721222222222223,180000
19,29498,8319,22.837,1.7062,2.6212842105263157,190000
20,64102,8698,22.993,2.352,2.60782,200000
21,39525,9033,23.247,1.7431,2.566642857142857,210000
22,45871,9375,23.465,1.3178,2.5098772727272727,220000
23,46728,9713,23.679,1.0236,2.44525652173913,230000
24,48309,10047,23.886,1.0776,2.3882708333333333,240000
25,89285,10417,23.998,0.4007,2.308768,250000
26,22988,10641,24.433,1.5078,2.2779615384615384,260000
27,60975,10976,24.597,1.2673,2.2405296296296298,270000
28,38759,11265,24.855,1.7694,2.2237035714285716,280000
29,58479,11587,25.026,0.4462,2.1624103448275864,290000
30,26385,11808,25.405,1.397,2.136896666666667,300000
31,46948,12100,25.618,3.171,2.1702548387096776,310000
32,100000,12442,25.718,3.1206,2.199953125,320000
33,61349,12750,25.881,1.6545,2.1834242424242425,330000
34,35087,12993,26.166,2.3855,2.1893676470588237,340000
35,36231,13236,26.443,1.4923,2.1694514285714286,350000
36,45454,13501,26.664,0.862,2.1331333333333333,360000
37,31746,13714,26.979,1.4914,2.115789189189189,370000
38,32786,13927,27.285,1.5368,2.1005526315789473,380000
39,59880,14206,27.452,2.2372,2.10405641025641,390000
40,75187,14500,27.585,2.6195,2.1169425,400000
41,39062,14726,27.841,1.7123,2.107073170731707,410000
42,37735,14943,28.106,0.6961,2.0734785714285713,420000
43,33444,15138,28.405,1.1915,2.0529674418604653,430000
44,34364,15333,28.696,1.0716,2.0306636363636366,440000
45,47619,15567,28.906,1.0022,2.007808888888889,450000
46,90909,15853,29.016,1.1422,1.988991304347826,460000
47,112359,16148,29.105,1.1183,1.9704659574468084,470000
48,46948,16372,29.318,0.915,1.9484770833333334,480000
49,89285,16649,29.43,0.8858,1.9267897959183673,490000
50,25445,16765,29.823,1.222,1.912694,500000
51,91743,17038,29.932,1.4079,1.9027960784313724,510000
52,27624,17164,30.295,0.8315,1.8821942307692308,520000
53,25445,17270,30.688,1.245,1.8701716981132075,530000
54,46728,17474,30.902,1.195,1.8576685185185184,540000
55,70921,17717,31.043,3.792,1.8928381818181819,550000
56,43290,17906,31.274,2.0928,1.8964089285714285,560000
57,31645,18043,31.59,1.2249,1.8846280701754385,570000
58,49504,18243,31.792,0.5564,1.8617275862068965,580000
59,31847,18376,32.107,0.9906,1.8469627118644067,590000
60,93457,18625,32.214,1.5363,1.841785,600000
61,57471,18834,32.388,6.2185,1.9135344262295082,610000
62,30959,18953,32.711,6.8178,1.9926354838709677,620000
63,31152,19072,33.032,2.4109,1.9992746031746031,630000
64,51813,19262,33.225,1.5612,1.9924296875,640000
65,217391,19535,33.272,1.584,1.9861461538461538,650000
66,41666,19694,33.512,2.0138,1.9865651515151515,660000
67,47393,19867,33.723,0.9373,1.9709044776119402,670000
68,42735,20025,33.957,1.2418,1.9601823529411764,680000
69,107526,20264,34.05,3.3902,1.9809072463768116,690000
70,63694,20463,34.207,2.5556,1.9891171428571428,700000
71,43859,20617,34.436,2.773,2.000157746478873,710000
72,62893,20811,34.596,1.4151,1.9920319444444445,720000
73,24875,20858,34.998,1.2508,1.9818780821917807,730000
74,24752,20902,35.402,1.5589,1.9761621621621621,740000
75,92592,21120,35.51,3.1892,1.992336,750000
76,29498,21200,35.849,0.9722,1.9789131578947368,760000
77,92592,21414,35.957,4.1512,2.0071246753246754,770000
78,39840,21542,36.208,5.5822,2.0529589743589742,780000
79,50761,21700,36.405,1.1782,2.041886075949367,790000
80,28901,21768,36.751,1.1545,2.03079375,800000
81,24330,21796,37.162,1.4799,2.0239925925925926,810000
82,35714,21900,37.442,1.5185,2.017828048780488,820000
83,63694,22075,37.599,1.2958,2.0091289156626506,830000
84,22883,22084,38.036,0.8744,1.9956202380952381,840000
85,39840,22200,38.288,1.5501,1.9903788235294118,850000
86,102040,22404,38.386,2.711,1.9987581395348837,860000
87,29940,22469,38.72,1.6847,1.9951482758620689,870000
88,29673,22531,39.057,2.2335,1.9978568181818182,880000
89,45045,22657,39.28,1.1481,1.988308988764045,890000
90,94339,22850,39.386,0.9658,1.9769477777777777,900000
91,41152,22962,39.629,3.1864,1.9902384615384616,910000
92,100000,23156,39.729,1.048,1.9799967391304347,920000
93,48543,23287,39.935,1.1878,1.9714784946236559,930000
94,64102,23446,40.091,2.6632,1.9788372340425533,940000
95,24813,23460,40.494,1.241,1.9710705263157895,950000
96,88495,23641,40.607,0.439,1.9551114583333333,960000
97,28169,23680,40.962,0.8519,1.9437381443298969,970000
98,19569,23629,41.473,1.6631,1.9408744897959185,980000
99,29069,23674,41.817,0.7365,1.928709090909091,990000
100,58479,23815,41.989,1.0864,1.920286,1000000
101,114942,24004,42.076,1.8851,1.9199376237623762,1010000
102,68493,24158,42.222,2.1398,1.922093137254902,1020000
103,41152,24255,42.465,0.9471,1.9126271844660194,1030000
104,40983,24350,42.71,3.4293,1.927210576923077,1040000
105,27397,24375,43.076,1.0743,1.9190876190476192,1050000
106,34722,24444,43.364,1.5004,1.9151377358490567,1060000
107,102040,24619,43.462,2.2941,1.9186794392523365,1070000
108,19011,24551,43.989,1.0319,1.9104685185185186,1080000
109,40485,24640,44.236,2.4605,1.9155146788990827,1090000
110,24509,24639,44.644,1.2568,1.9095263636363637,1100000
111,51282,24755,44.839,1.4186,1.9051036036036035,1110000
112,40322,24840,45.087,2.1639,1.9074142857142857,1120000
113,42016,24931,45.325,1.8158,1.9066035398230088,1130000
114,48780,25037,45.531,1.0762,1.899319298245614,1140000
115,30864,25079,45.855,0.7962,1.8897269565217392,1150000
116,43103,25169,46.087,1.3056,1.8846913793103448,1160000
117,62111,25297,46.249,1.2341,1.8791307692307693,1170000
118,30864,25336,46.573,1.459,1.875570338983051,1180000
119,31746,25379,46.888,1.2898,1.8706478991596638,1190000
120,57471,25497,47.063,1.9992,1.8717191666666666,1200000
121,63694,25624,47.221,0.8579,1.8633404958677686,1210000
122,19193,25554,47.742,3.3229,1.8753040983606557,1220000
123,29940,25584,48.076,2.7689,1.882569105691057,1230000
124,46511,25677,48.291,1.5472,1.8798645161290322,1240000
125,40983,25754,48.536,1.3472,1.8756032,1250000
126,29940,25782,48.87,0.9167,1.8679928571428572,1260000
127,95238,25931,48.975,0.6014,1.85801968503937,1270000
128,47393,26023,49.187,0.5172,1.84754453125,1280000
129,46728,26112,49.401,2.2483,1.8506511627906976,1290000
130,32051,26149,49.714,1.3835,1.8470576923076922,1300000
131,51020,26247,49.91,1.6429,1.8454992366412213,1310000
132,30303,26273,50.24,1.6238,1.843819696969697,1320000
133,47393,26362,50.451,1.8656,1.8439834586466166,1330000
134,45248,26444,50.672,2.643,1.8499462686567165,1340000
135,100000,26589,50.772,1.6392,1.8483851851851851,1350000
136,75757,26716,50.904,1.7684,1.8477970588235295,1360000
137,56818,26820,51.08,1.7032,1.8467416058394162,1370000
138,33444,26859,51.379,2.1204,1.8487246376811595,1380000
139,52910,26954,51.568,1.0491,1.8429719424460431,1390000
140,87719,27088,51.682,1.1264,1.8378535714285715,1400000
141,23201,27056,52.113,3.2929,1.84817304964539,1410000
142,91743,27191,52.222,0.7159,1.8401992957746478,1420000
143,47619,27273,52.432,0.5601,1.8312475524475524,1430000
144,39840,27332,52.684,1.1728,1.826675,1440000
145,20491,27269,53.172,3.4754,1.8380455172413792,1450000
146,71428,27385,53.312,0.8527,1.8312965753424657,1460000
147,40160,27445,53.561,0.5025,1.8222571428571428,1470000
148,30487,27463,53.889,1.4321,1.819620945945946,1480000
149,101010,27598,53.988,2.2001,1.8221744966442952,1490000
150,50251,27681,54.187,1.2484,1.8183493333333334,1500000
151,45248,27753,54.408,1.2469,1.8145649006622517,1510000
152,30395,27769,54.737,0.9082,1.8086019736842105,1520000
153,96153,27898,54.841,1.7218,1.8080346405228758,1530000
154,48309,27975,55.048,2.4896,1.8124603896103897,1540000
155,64516,28078,55.203,3.4779,1.8232051612903226,1550000
156,35587,28116,55.484,2.5713,1.828000641025641,1560000
157,151515,28262,55.55,2.563,1.8326821656050956,1570000
158,43103,28324,55.782,0.7356,1.8257386075949367,1580000
159,33898,28353,56.077,1.219,1.821922641509434,1590000
160,44444,28418,56.302,1.0839,1.81731,1600000
161,188679,28568,56.355,1.2406,1.813727950310559,1610000
162,47169,28638,56.567,3.1233,1.8218117283950617,1620000
163,46296,28705,56.783,1.083,1.8172791411042946,1630000
164,84033,28820,56.903,1.7933,1.8171329268292682,1640000
165,28571,28818,57.254,1.5312,1.8154,1650000
166,25839,28798,57.641,1.5282,1.8136698795180723,1660000
167,57142,28884,57.816,1.6888,1.8129221556886228,1670000
168,33898,28910,58.111,1.8674,1.8132464285714285,1680000
169,30487,28919,58.439,1.2037,1.8096396449704142,1690000
170,19267,28833,58.959,1.9945,1.8107270588235294,1700000
171,50251,28905,59.158,1.2843,1.807648538011696,1710000
172,40160,28952,59.407,0.778,1.8016622093023256,1720000
173,30581,28961,59.734,1.2045,1.7982104046242775,1730000
174,95238,29078,59.839,2.4359,1.8018752873563217,1740000
175,41841,29128,60.078,2.2589,1.8044868571428572,1750000
176,48780,29195,60.283,2.9646,1.8110784090909091,1760000
177,37313,29231,60.551,2.0378,1.8123593220338983,1770000
178,52910,29305,60.74,2.1163,1.8140668539325844,1780000
179,52083,29377,60.932,1.1132,1.8101513966480447,1790000
180,56179,29455,61.11,5.0941,1.8283955555555556,1800000
181,46948,29515,61.323,1.7776,1.8281149171270719,1810000
182,105263,29633,61.418,0.7899,1.8224104395604395,1820000
183,64102,29720,61.574,0.7912,1.8167754098360656,1830000
184,32786,29735,61.879,0.8677,1.8116173913043478,1840000
185,99009,29848,61.98,1.4966,1.8099145945945947,1850000
186,39525,29887,62.233,0.5992,1.803405376344086,1860000
187,63694,29972,62.39,1.9916,1.8044117647058824,1870000
188,96153,30082,62.495,1.4091,1.8023090425531916,1880000
189,42194,30128,62.732,2.154,1.8041698412698413,1890000
190,86206,30231,62.848,1.5204,1.8026763157894736,1900000
191,42553,30277,63.083,2.0942,1.804202617801047,1910000
192,44052,30326,63.31,1.1185,1.80063125,1920000
193,46948,30382,63.523,1.2538,1.79779792746114,1930000
194,94339,30489,63.629,1.7617,1.797611855670103,1940000
195,39525,30525,63.882,1.1005,1.794036923076923,1950000
196,52910,30591,64.071,2.357,1.7969091836734694,1960000
197,34965,30610,64.357,2.2616,1.7992680203045686,1970000
198,26315,30585,64.737,1.2801,1.7966459595959596,1980000
199,30120,30582,65.069,0.9797,1.792540703517588,1990000
200,25575,30553,65.46,1.1809,1.7894825,2000000
201,43859,30599,65.688,0.9122,1.7851179104477612,2010000
202,47619,30653,65.898,1.1008,1.781730198019802,2020000
203,56818,30723,66.074,0.7547,1.7766709359605912,2030000
204,33003,30733,66.378,1.1643,1.773669117647059,2040000
205,46082,30783,66.595,2.5009,1.7772165853658537,2050000
206,48543,30837,66.801,0.9484,1.7731932038834952,2060000
207,42918,30879,67.034,1.0782,1.7698357487922705,2070000
208,30674,30878,67.36,0.9721,1.7660004807692307,2080000
209,53475,30941,67.547,2.1015,1.7676057416267943,2090000
210,21834,30880,68.005,1.0082,1.7639895238095238,2100000
211,23584,30834,68.43,1.772,1.7640274881516587,2110000
212,55248,30898,68.611,1.3883,1.7622551886792452,2120000
213,90090,30994,68.722,1.3072,1.760118779342723,2130000
214,22624,30940,69.164,1.1314,1.7571808411214953,2140000
215,74626,31025,69.298,1.1724,1.7544609302325582,2150000
216,45454,31071,69.518,0.8707,1.7503694444444444,2160000
217,43859,31112,69.746,0.9817,1.7468271889400921,2170000
218,103092,31212,69.843,1.0092,1.7434435779816513,2180000
219,64935,31287,69.997,1.0467,1.740262100456621,2190000
220,44843,31330,70.22,1.4404,1.738899090909091,2200000
221,42735,31367,70.454,2.747,1.743460633484163,2210000
222,46728,31414,70.668,1.5598,1.7426333333333333,2220000
223,61728,31483,70.83,2.227,1.7448053811659192,2230000
224,76923,31567,70.96,1.497,1.7436991071428571,2240000
225,33783,31576,71.256,1.9458,1.7445973333333333,2250000
226,59880,31642,71.423,1.318,1.7427097345132743,2260000
227,62500,31711,71.583,0.755,1.73835859030837,2270000
228,90090,31801,71.694,2.0541,1.7397434210526317,2280000
229,36764,31820,71.966,2.3731,1.7425091703056768,2290000
230,35971,31836,72.244,0.8418,1.7385930434782608,2300000
231,48309,31883,72.451,3.2985,1.7453458874458874,2310000
232,22075,31822,72.904,1.6308,1.7448521551724139,2320000
233,109890,31919,72.995,0.8196,1.7408811158798283,2330000
234,66666,31991,73.145,1.5114,1.7399004273504273,2340000
235,28571,31974,73.495,3.015,1.7453263829787233,2350000
236,33222,31980,73.796,1.6949,1.7451127118644068,2360000
237,30487,31973,74.124,0.8529,1.7413481012658227,2370000
238,54054,32028,74.309,0.8747,1.7377067226890757,2380000
239,35971,32043,74.587,1.4211,1.736382008368201,2390000
240,38461,32065,74.847,1.2839,1.7344966666666666,2400000
241,30303,32057,75.177,2.7445,1.73868755186722,2410000
242,91743,32144,75.286,1.1084,1.7360830578512396,2420000
243,38022,32164,75.549,1.22,1.7339592592592592,2430000
244,64516,32230,75.704,1.0359,1.7310983606557377,2440000
245,55555,32286,75.884,1.5941,1.7305391836734694,2450000
246,36900,32302,76.155,1.1387,1.7281333333333333,2460000
247,22522,32245,76.599,0.8577,1.7246093117408907,2470000
248,47393,32287,76.811,1.0352,1.721829435483871,2480000
249,34013,32293,77.105,0.9865,1.7188763052208835,2490000
250,28901,32278,77.451,0.9332,1.7157336,2500000
251,89285,32360,77.563,2.7387,1.7198091633466135,2510000
252,44843,32396,77.786,1.894,1.720500396825397,2520000
253,21978,32335,78.241,1.5599,1.7198656126482212,2530000
254,34246,32343,78.533,1.8808,1.720499212598425,2540000
255,65359,32406,78.688,0.8035,1.716903137254902,2550000
256,35460,32417,78.97,1.8154,1.717287890625,2560000
257,46082,32454,79.188,2.3194,1.7196307392996109,2570000
258,59171,32511,79.357,0.719,1.7157523255813953,2580000
259,48543,32552,79.563,0.6981,1.711823166023166,2590000
260,33898,32557,79.858,0.6358,1.7076846153846155,2600000
261,85470,32635,79.975,1.0156,1.7050329501915709,2610000
262,31847,32632,80.289,0.9877,1.702295038167939,2620000
263,208333,32737,80.337,0.3231,1.6970509505703422,2630000
264,28248,32717,80.691,0.9312,1.69415,2640000
265,43478,32747,80.921,1.4742,1.69332,2650000
266,50251,32790,81.12,0.7964,1.6899481203007518,2660000
267,31645,32786,81.436,0.9005,1.6869913857677903,2670000
268,46948,32823,81.649,1.2926,1.685519776119403,2680000
269,28011,32802,82.006,1.7932,1.6859200743494425,2690000
270,89285,32879,82.118,1.2539,1.68432,2700000
271,55555,32929,82.298,1.5871,1.6839612546125462,2710000
272,68027,32991,82.445,1.4901,1.6832485294117647,2720000
273,78740,33061,82.573,1.5603,1.6827981684981685,2730000
274,58823,33114,82.743,0.7105,1.6792496350364963,2740000
275,28328,33094,83.096,2.4102,1.6819076363636363,2750000
276,90909,33170,83.206,1.1485,1.679975,2760000
277,41152,33193,83.449,1.4803,1.6792541516245487,2770000
278,48309,33231,83.656,1.6047,1.6789859712230215,2780000
279,63291,33287,83.814,1.3623,1.6778508960573477,2790000
280,44642,33318,84.038,1.4296,1.6769642857142857,2800000
281,45871,33350,84.256,0.9418,1.6743480427046262,2810000
282,106382,33432,84.35,1.4828,1.6736687943262412,2820000
283,58139,33482,84.522,0.8379,1.6707155477031803,2830000
284,66666,33541,84.672,2.5084,1.6736651408450705,2840000
285,26595,33510,85.048,0.9556,1.6711456140350878,2850000
286,50505,33549,85.246,1.0819,1.6690853146853146,2860000
287,99009,33627,85.347,1.5831,1.6687857142857143,2870000
288,29069,33609,85.691,1.5032,1.6682107638888888,2880000
289,33333,33608,85.991,1.8441,1.6688193771626298,2890000
290,89285,33680,86.103,3.0359,1.6735334482758621,2900000
291,45454,33710,86.323,1.148,1.6717274914089346,2910000
292,72992,33772,86.46,1.783,1.6721085616438356,2920000
293,25062,33732,86.859,1.8522,1.6727232081911263,2930000
294,44444,33760,87.084,0.7563,1.6696061224489795,2940000
295,98039,33835,87.186,1.4297,1.6687928813559323,2950000
296,85470,33904,87.303,1.3973,1.6678756756756756,2960000
297,51020,33943,87.499,1.2615,1.6665074074074073,2970000
298,46728,33974,87.713,2.8162,1.6703654362416107,2980000
299,34364,33975,88.004,0.9016,1.6677943143812708,2990000
300,42553,33998,88.24,1.3751,1.6668186666666667,3000000
301,49261,34033,88.443,1.1953,1.6652521594684386,3010000
302,93457,34105,88.55,2.0803,1.666626490066225,3020000
303,60975,34154,88.714,2.7688,1.6702640264026403,3030000
304,25000,34113,89.114,0.9956,1.6680447368421052,3040000
305,42016,34134,89.352,1.7454,1.6682983606557378,3050000
306,109890,34211,89.443,0.8054,1.665478431372549,3060000
307,23310,34159,89.873,1.0487,1.6634693811074919,3070000
308,41666,34179,90.113,0.8573,1.6608519480519481,3080000
309,34013,34178,90.407,1.2992,1.6596815533980582,3090000
310,66666,34232,90.557,0.8882,1.6571929032258064,3100000
311,30303,34218,90.887,1.0991,1.6553983922829583,3110000
312,67567,34272,91.035,2.4285,1.657876282051282,3120000
313,45871,34300,91.253,0.8627,1.6553357827476038,3130000
314,26954,34270,91.624,1.1572,1.6537493630573248,3140000
315,28248,34247,91.978,0.9423,1.6514907936507937,3150000
316,24271,34202,92.391,0.7059,1.648498417721519,3160000
317,87719,34268,92.505,1.4348,1.6478242902208202,3170000
318,45248,34294,92.726,1.6,1.6476738993710691,3180000
319,45248,34320,92.947,0.9394,1.645453605015674,3190000
320,36496,34327,93.221,2.3105,1.647531875,3200000
321,123456,34404,93.302,0.8998,1.645202492211838,3210000
322,40650,34420,93.548,2.5988,1.6481639751552795,3220000
323,33557,34418,93.846,2.1295,1.6496541795665636,3230000
324,57471,34460,94.02,1.2396,1.6483885802469136,3240000
325,26041,34426,94.404,1.5158,1.6479806153846155,3250000
326,46511,34453,94.619,2.1217,1.6494337423312884,3260000
327,49019,34485,94.823,1.225,1.6481357798165137,3270000
328,55555,34525,95.003,0.9403,1.645977743902439,3280000
329,49019,34555,95.208,1.4835,1.6454838905775075,3290000
330,48076,34585,95.416,1.7174,1.6457018181818182,3300000
331,30303,34570,95.746,0.9874,1.643712990936556,3310000
332,100000,34638,95.846,5.214,1.6544668674698795,3320000
333,34843,34639,96.133,1.4032,1.6537123123123123,3330000
334,35460,34641,96.415,0.694,1.6508389221556887,3340000
335,34482,34641,96.705,2.4047,1.6530892537313433,3350000
336,44247,34663,96.931,7.202,1.6696038690476191,3360000
337,62500,34709,97.091,0.4639,1.6660261127596439,3370000
338,45662,34734,97.31,2.0008,1.6670165680473372,3380000
339,102040,34802,97.408,1.07,1.6652554572271387,3390000
340,31347,34790,97.727,0.8097,1.6627391176470587,3400000
341,30303,34775,98.057,1.3837,1.6619208211143695,3410000
342,90090,34838,98.168,2.9142,1.665582456140351,3420000
343,44843,34860,98.391,1.5847,1.6653466472303207,3430000
344,28248,34837,98.745,1.2542,1.6641514534883721,3440000
345,46948,34863,98.958,1.3754,1.6633144927536232,3450000
346,70422,34914,99.1,1.1985,1.661971098265896,3460000
347,21834,34854,99.558,1.4149,1.6612590778097982,3470000
348,35211,34855,99.842,2.5366,1.6637744252873563,3480000
349,101010,34920,99.941,1.7812,1.664110888252149,3490000
350,40160,34933,100.19,1.3648,1.6632557142857143,3500000
351,31347,34922,100.509,1.5588,1.6629581196581196,3510000
352,24154,34878,100.923,1.7754,1.663277556818182,3520000
353,48076,34904,101.132,1.348,1.662384419263456,3530000
354,33222,34899,101.433,2.4534,1.6646189265536724,3540000
355,47846,34926,101.642,1.0456,1.6628752112676057,3550000
356,31347,34915,101.961,0.9775,1.66095,3560000
357,59523,34955,102.129,0.8371,1.6586422969187675,3570000
358,52083,34987,102.321,2.1662,1.6600600558659218,3580000
359,19841,34913,102.825,1.0833,1.6584534818941503,3590000
360,55248,34949,103.006,2.0619,1.6595741666666666,3600000
361,71942,34999,103.145,1.0074,1.657767590027701,3610000
362,40816,35013,103.39,1.9381,1.6585419889502762,3620000
363,48076,35039,103.598,0.7944,1.656161432506887,3630000
364,50251,35068,103.797,1.2951,1.6551695054945055,3640000
365,107526,35133,103.89,1.2299,1.6540043835616438,3650000
366,38759,35142,104.148,2.1588,1.655383606557377,3660000
367,94339,35202,104.254,0.6894,1.6527514986376022,3670000
368,40485,35214,104.501,2.148,1.6540972826086957,3680000
369,43290,35232,104.732,0.9434,1.6521712737127372,3690000
370,76923,35284,104.862,3.5386,1.6572697297297296,3700000
371,51546,35314,105.056,2.9019,1.6606245283018868,3710000
372,29940,35297,105.39,2.1071,1.6618247311827956,3720000
373,33333,35291,105.69,0.6743,1.6591772117962467,3730000
374,89285,35349,105.802,0.5936,1.65632807486631,3740000
375,46296,35371,106.018,1.0987,1.6548410666666666,3750000
376,70422,35418,106.16,1.0091,1.6531236702127658,3760000
377,32362,35409,106.469,0.9603,1.6512859416445624,3770000
378,24154,35365,106.883,1.427,1.6506925925925926,3780000
379,90909,35422,106.993,0.5739,1.647851451187335,3790000
380,85470,35477,107.111,1.1452,1.6465286842105262,3800000
381,27322,35449,107.477,1.8668,1.6471068241469817,3810000
382,46948,35472,107.69,1.6057,1.6469984293193718,3820000
383,25510,35436,108.082,1.5908,1.6468516971279374,3830000
384,58823,35472,108.253,0.9726,1.6450958333333334,3840000
385,24813,35432,108.656,1.9865,1.6459825974025974,3850000
386,47169,35455,108.868,1.582,1.6458168393782384,3860000
387,44642,35474,109.092,1.181,1.6446157622739017,3870000
388,104166,35535,109.188,0.5651,1.641833505154639,3880000
389,36764,35538,109.46,0.6241,1.6392172236503857,3890000
390,43859,35555,109.688,2.0761,1.6403374358974359,3900000
391,47619,35578,109.898,1.7381,1.6405874680306904,3910000
392,44843,35597,110.121,0.4478,1.637544642857143,3920000
393,92592,35653,110.229,0.4957,1.6346391857506362,3930000
394,29069,35632,110.573,2.1901,1.6360489847715736,3940000
395,49261,35657,110.776,0.6931,1.6336617721518987,3950000
396,31347,35644,111.096,1.3133,1.6328527777777777,3960000
397,26041,35611,111.48,1.205,1.6317750629722922,3970000
398,47619,35634,111.69,2.16,1.6331022613065327,3980000
399,75757,35681,111.822,1.2928,1.632249373433584,3990000
400,72463,35727,111.96,4.1852,1.63863175,4000000
401,45454,35746,112.18,2.1465,1.6398982543640899,4010000
402,99009,35803,112.281,2.0175,1.6408375621890547,4020000
403,74626,35849,112.415,3.63,1.6457734491315137,4030000
404,25974,35815,112.801,1.2158,1.6447091584158415,4040000
405,70422,35858,112.943,1.0489,1.643238024691358,4050000
406,105263,35917,113.038,2.4843,1.6453096059113301,4060000
407,29498,35897,113.377,1.3017,1.6444653562653562,4070000
408,116279,35958,113.463,2.5826,1.646764705882353,4080000
409,44444,35975,113.688,2.0669,1.6477919315403422,4090000
410,28818,35953,114.035,1.5696,1.6476012195121952,4100000
411,73529,35998,114.171,1.8537,1.6481026763990267,4110000
412,84033,36048,114.29,0.7383,1.6458944174757282,4120000
413,36630,36049,114.564,0.6625,1.6435133171912832,4130000
414,53763,36078,114.75,1.0716,1.642131884057971,4140000
415,74074,36123,114.885,1.6072,1.6420477108433735,4150000
416,98039,36178,114.987,0.4832,1.6392620192307692,4160000
417,45871,36196,115.205,0.9573,1.637626618705036,4170000
418,45662,36214,115.424,1.174,1.6365174641148326,4180000
419,30959,36199,115.747,1.1389,1.6353298329355608,4190000
420,23584,36153,116.171,1.0046,1.6338280952380952,4200000
421,49751,36177,116.372,1.2706,1.6329653206650832,4210000
422,46082,36195,116.589,1.5288,1.6327184834123223,4220000
423,84033,36244,116.708,0.2839,1.6295297872340426,4230000
424,29498,36224,117.047,0.5831,1.6270617924528301,4240000
425,32679,36215,117.353,1.642,1.6270969411764706,4250000
426,96153,36268,117.457,1.146,1.6259676056338028,4260000
427,24154,36225,117.872,1.4633,1.6255866510538641,4270000
428,33222,36218,118.173,1.3781,1.6250084112149532,4280000
429,22988,36169,118.608,1.5762,1.6248946386946388,4290000
430,111111,36226,118.698,1.3908,1.6243502325581396,4300000
431,66666,36264,118.848,0.7569,1.6223375870069605,4310000
432,52083,36290,119.04,1.4048,1.6218340277777779,4320000
433,72463,36332,119.178,3.076,1.6251923787528868,4330000
434,51546,36356,119.372,1.4193,1.6247179723502305,4340000
435,35087,36353,119.657,1.2829,1.623932183908046,4350000
436,23474,36308,120.083,1.9113,1.6245912844036696,4360000
437,32679,36298,120.389,0.8726,1.6228704805491991,4370000
438,46948,36317,120.602,0.8118,1.6210187214611873,4380000
439,33222,36310,120.903,0.683,1.6188820045558086,4390000
440,29154,36289,121.246,1.4591,1.6185188636363637,4400000
441,45045,36305,121.468,1.7797,1.6188843537414965,4410000
442,45248,36321,121.69,2.7969,1.6215495475113122,4420000
443,51813,36346,121.883,0.6247,1.619299322799097,4430000
444,149253,36408,121.95,1.6371,1.6193394144144144,4440000
445,50761,36431,122.147,0.5818,1.6170078651685393,4450000
446,47169,36450,122.359,0.7404,1.6150423766816144,4460000
447,28735,36428,122.707,1.1462,1.6139935123042506,4470000
448,49504,36449,122.909,0.813,1.612205580357143,4480000
449,34129,36444,123.202,0.9822,1.6108024498886415,4490000
450,28011,36419,123.559,1.0655,1.6095906666666666,4500000
451,70422,36458,123.701,1.7939,1.60999933481153,4510000
452,34722,36454,123.989,1.8529,1.6105367256637169,4520000
453,24630,36416,124.395,2.0793,1.611571523178808,4530000
454,53191,36441,124.583,1.1392,1.6105310572687224,4540000
455,30303,36425,124.913,2.0969,1.6116,4550000
456,87719,36472,125.027,0.4565,1.6090668859649122,4560000
457,41666,36482,125.267,1.1094,1.60797352297593,4570000
458,111111,36535,125.357,0.868,1.6063578602620088,4580000
459,64516,36570,125.512,1.7797,1.6067355119825708,4590000
460,30120,36553,125.844,0.9295,1.6052632608695652,4600000
461,61728,36585,126.006,0.4997,1.602865075921909,4610000
462,59880,36616,126.173,0.8566,1.6012497835497836,4620000
463,25062,36579,126.572,0.9142,1.5997658747300216,4630000
464,32051,36568,126.884,1.0391,1.5985575431034482,4640000
465,73529,36608,127.02,1.068,1.5974165591397849,4650000
466,37878,36611,127.284,1.0039,1.5961429184549356,4660000
467,63694,36644,127.441,1.3094,1.5955289079229122,4670000
468,66225,36679,127.592,1.9024,1.5961846153846153,4680000
469,45871,36695,127.81,0.816,1.5945211087420044,4690000
470,100000,36744,127.911,2.3553,1.5961397872340426,4700000
471,18621,36668,128.448,0.958,1.5947849256900213,4710000
472,44843,36682,128.671,1.3931,1.5943576271186441,4720000
473,111111,36734,128.761,0.6553,1.5923723044397462,4730000
474,18248,36656,129.309,1.2103,1.5915662447257384,4740000
475,47846,36674,129.518,1.1186,1.5905705263157894,4750000
476,44843,36688,129.741,1.0344,1.589402100840336,4760000
477,51813,36710,129.935,1.4668,1.5891450733752621,4770000
478,153846,36769,130.0,0.8521,1.5876031380753137,4780000
479,30487,36753,130.329,0.7499,1.5858542797494781,4790000
480,105263,36803,130.424,3.6095,1.5900702083333333,4800000
481,99009,36851,130.525,1.8597,1.5906307692307693,4810000
482,38910,36855,130.782,0.72,1.5888244813278007,4820000
483,30674,36839,131.108,0.6012,1.5867797101449275,4830000
484,54945,36864,131.29,0.7443,1.5850390495867768,4840000
485,70422,36901,131.432,0.4887,1.5827785567010308,4850000
486,34843,36896,131.719,1.5835,1.5827800411522635,4860000
487,54054,36920,131.904,2.3135,1.5842804928131418,4870000
488,43290,36931,132.135,1.198,1.5834889344262295,4880000
489,33898,36925,132.43,1.7896,1.5839104294478528,4890000
490,36630,36924,132.703,1.6976,1.5841424489795919,4900000
491,45871,36939,132.921,1.2018,1.583363747454175,4910000
492,185185,36999,132.975,0.7188,1.5816065040650407,4920000
493,40322,37005,133.223,0.6489,1.5797146044624746,4930000
494,56497,37031,133.4,0.8741,1.5782862348178137,4940000
495,36363,37030,133.675,3.0102,1.5811789898989899,4950000
496,61728,37060,133.837,1.7728,1.5815653225806452,4960000
497,34482,37054,134.127,1.7959,1.5819965794768611,4970000
498,54054,37077,134.312,0.8028,1.5804319277108434,4980000
499,88495,37121,134.425,1.9338,1.5811400801603206,4990000
500,30674,37105,134.751,1.2038,1.5803854,5000000
501,95238,37150,134.856,1.5007,1.5802263473053892,5010000
502,49751,37169,135.057,1.1354,1.5793402390438247,5020000
503,111111,37218,135.148,1.2688,1.5787228628230616,5030000
504,85470,37260,135.265,0.9045,1.5773851190476191,5040000
505,78740,37299,135.392,1.0542,1.5763491089108912,5050000
506,56497,37324,135.569,1.5473,1.5762916996047431,5060000
507,46728,37338,135.783,0.6709,1.5745059171597633,5070000
508,70921,37373,135.924,0.8326,1.5730454724409448,5080000
509,41841,37381,136.163,1.1815,1.5722762278978388,5090000
510,35211,37377,136.447,2.4856,1.5740670588235295,5100000
511,32679,37366,136.754,2.7171,1.576303913894325,5110000
512,23201,37321,137.185,1.0772,1.5753291015625,5120000
513,93457,37365,137.293,1.2102,1.5746173489278752,5130000
514,46948,37380,137.506,1.5652,1.574599027237354,5140000
515,25974,37348,137.892,0.9475,1.573381359223301,5150000
516,38461,37350,138.152,0.4774,1.5712573643410852,5160000
517,49019,37367,138.356,1.2676,1.5706700193423597,5170000
518,97087,37411,138.459,1.687,1.5708945945945947,5180000
519,47393,37426,138.67,0.8616,1.5695279383429672,5190000
520,20366,37366,139.161,0.8374,1.56812,5200000
521,47169,37381,139.374,0.6119,1.5662846449136276,5210000
522,57471,37406,139.548,1.4588,1.566078735632184,5220000
523,62500,37435,139.708,2.217,1.567323326959847,5230000
524,53763,37456,139.894,0.7599,1.5657824427480915,5240000
525,46082,37470,140.111,0.6546,1.5640468571428572,5250000
526,35211,37465,140.396,1.1279,1.563217680608365,5260000
527,29761,37447,140.732,2.6131,1.5652098671726755,5270000
528,33003,37437,141.035,0.6895,1.5635513257575757,5280000
529,59880,37464,141.202,2.0414,1.564454631379962,5290000
530,45454,37476,141.422,0.6956,1.562815283018868,5300000
531,31545,37463,141.739,3.5245,1.566509604519774,5310000
532,38610,37465,141.998,1.1507,1.565728007518797,5320000
533,80645,37502,142.122,2.0286,1.566596435272045,5330000
534,19417,37437,142.637,1.6928,1.5668327715355805,5340000
535,57803,37462,142.81,1.3521,1.566431401869159,5350000
536,85470,37501,142.927,0.9928,1.5653611940298509,5360000
537,46296,37514,143.143,0.5988,1.563561266294227,5370000
538,35335,37510,143.426,0.8157,1.5621711895910781,5380000
539,58139,37535,143.598,0.5506,1.5602944341372913,5390000
540,58479,37560,143.769,0.9444,1.559153888888889,5400000
541,108695,37605,143.861,0.8872,1.5579118299445471,5410000
542,45045,37617,144.083,1.1363,1.5571339483394835,5420000
543,98039,37659,144.185,0.6024,1.5553756906077347,5430000
544,58823,37684,144.355,0.5819,1.5535862132352942,5440000
545,38610,37686,144.614,0.7977,1.5521992660550459,5450000
546,32258,37674,144.924,0.8555,1.55092326007326,5460000
547,192307,37730,144.976,1.6757,1.5511513711151736,5470000
548,20576,37673,145.462,1.9986,1.5519678832116788,5480000
549,44444,37683,145.687,1.127,1.5511938069216757,5490000
550,33898,37675,145.982,1.8934,1.551816,5500000
551,89285,37715,146.094,1.2793,1.5513214156079855,5510000
552,23529,37674,146.519,0.728,1.5498298913043478,5520000
553,36764,37672,146.791,2.3912,1.551351356238698,5530000
554,55555,37694,146.971,0.7705,1.5499418772563176,5540000
555,50761,37712,147.168,1.0372,1.549018018018018,5550000
556,89285,37751,147.28,0.702,1.5474946043165467,5560000
557,60240,37776,147.446,0.9101,1.5463502692998206,5570000
558,45045,37787,147.668,1.0533,1.5454666666666668,5580000
559,33222,37777,147.97,0.8287,1.5441844364937387,5590000
560,30303,37761,148.3,1.28,1.5437126785714286,5600000
561,44247,37770,148.527,0.7859,1.5423618538324422,5610000
562,46511,37783,148.742,1.9904,1.543159074733096,5620000
563,28735,37762,149.09,0.9484,1.5421026642984015,5630000
564,55865,37784,149.269,0.5965,1.5404260638297873,5640000
565,29673,37765,149.606,1.2761,1.5399582300884955,5650000
566,73529,37798,149.742,1.626,1.5401102473498234,5660000
567,51282,37815,149.937,1.081,1.539300529100529,5670000
568,44052,37825,150.164,1.0918,1.5385126760563381,5680000
569,108695,37868,150.256,1.3723,1.5382205623901581,5690000
570,41493,37874,150.497,1.1243,1.5374943859649124,5700000
571,32154,37862,150.808,0.8713,1.5363276707530649,5710000
572,93457,37902,150.915,1.0303,1.535443006993007,5720000
573,52631,37920,151.105,1.5564,1.5354795811518325,5730000
574,28409,37898,151.457,1.3148,1.5350951219512194,5740000
575,92592,37937,151.565,0.8778,1.533952,5750000
576,45662,37948,151.784,1.3926,1.5337065972222221,5760000
577,100000,37989,151.884,0.7998,1.5324346620450606,5770000
578,90090,38027,151.996,0.9402,1.531410034602076,5780000
579,45045,38037,152.218,0.9263,1.53036493955095,5790000
580,36900,38035,152.489,0.8228,1.529145,5800000
581,52631,38053,152.679,1.0316,1.5282886402753872,5810000
582,26595,38025,153.055,0.8705,1.5271584192439862,5820000
583,44052,38034,153.282,1.0663,1.526367924528302,5830000
584,119047,38078,153.366,1.0231,1.5255061643835617,5840000
585,35211,38073,153.65,2.1244,1.5265299145299145,5850000
586,31347,38059,153.969,1.0062,1.5256419795221843,5860000
587,52631,38077,154.159,0.762,1.524341056218058,5870000
588,67114,38105,154.308,2.9106,1.5266986394557822,5880000
589,39682,38108,154.56,2.0384,1.52756740237691,5890000
590,65789,38135,154.712,0.8392,1.5264006779661017,5900000
591,54644,38154,154.895,2.5538,1.5281390862944162,5910000
592,83333,38189,155.015,0.9459,1.5271555743243244,5920000
593,45454,38200,155.235,0.7165,1.5257885328836425,5930000
594,40322,38203,155.483,0.921,1.5247703703703703,5940000
595,34013,38195,155.777,1.9799,1.525535294117647,5950000
596,86206,38231,155.893,1.467,1.5254370805369128,5960000
597,47169,38243,156.105,1.6378,1.5256252931323282,5970000
598,86956,38279,156.22,1.5962,1.5257433110367893,5980000
599,45454,38289,156.44,1.7715,1.5261535893155258,5990000
600,99009,38328,156.541,1.3241,1.5258168333333333,6000000
601,74074,38359,156.676,1.6719,1.5260599001663893,6010000
602,33898,38351,156.971,1.9035,1.526686877076412,6020000
603,29761,38332,157.307,2.0292,1.527520232172471,6030000
604,51020,38348,157.503,0.5899,1.525967880794702,6040000
605,40816,38352,157.748,1.9834,1.5267239669421488,6050000
606,35087,38346,158.033,0.5834,1.5251673267326733,6060000
607,40816,38350,158.278,1.6966,1.5254497528830313,6070000
608,108695,38391,158.37,1.3268,1.5251230263157896,6080000
609,63694,38416,158.527,1.413,1.5249389162561577,6090000
610,35460,38410,158.809,0.933,1.523968524590164,6100000
611,149253,38457,158.876,1.8838,1.5245574468085106,6110000
612,25839,38427,159.263,2.2172,1.5256892156862745,6120000
613,66225,38453,159.414,1.7038,1.525979771615008,6130000
614,36764,38450,159.686,1.0429,1.525192996742671,6140000
615,32258,38438,159.996,1.4808,1.5251208130081302,6150000
616,47619,38450,160.206,1.2256,1.524634577922078,6160000
617,29239,38430,160.548,0.7987,1.5234580226904375,6170000
618,39525,38432,160.801,1.018,1.5226401294498382,6180000
619,55248,38451,160.982,1.3308,1.522330210016155,6190000
620,70921,38479,161.123,0.5205,1.5207143548387096,6200000
621,80645,38512,161.247,3.0936,1.5232471819645732,6210000
622,22675,38469,161.688,0.8524,1.522168649517685,6220000
623,39682,38471,161.94,2.947,1.52445569823435,6230000
624,72992,38500,162.077,2.117,1.5254052884615386,6240000
625,38167,38499,162.339,0.5811,1.5238944,6250000
626,21834,38452,162.797,0.8631,1.5228388178913739,6260000
627,48780,38465,163.002,1.2377,1.5223840510366826,6270000
628,31545,38452,163.32,2.5039,1.5239469745222929,6280000
629,47619,38463,163.531,1.4843,1.5238839427662958,6290000
630,30395,38447,163.86,2.3994,1.5252736507936508,6300000
631,44642,38455,164.085,0.9714,1.52439587955626,6310000
632,103092,38493,164.182,1.1278,1.5237683544303797,6320000
633,35587,38488,164.463,1.1977,1.5232532385466035,6330000
634,97087,38525,164.566,0.8501,1.5221914826498422,6340000
635,45248,38534,164.787,0.8367,1.521111968503937,6350000
636,31847,38521,165.101,0.9719,1.520248427672956,6360000
637,47619,38533,165.311,5.1754,1.5259864992150707,6370000
638,27548,38509,165.674,2.6644,1.5277708463949844,6380000
639,105263,38547,165.769,3.3064,1.530554303599374,6390000
640,29585,38529,166.107,2.2762,1.531719375,6400000
641,64516,38553,166.262,2.3245,1.5329561622464898,6410000
642,26315,38525,166.642,0.7575,1.5317482866043615,6420000
643,23752,38488,167.063,1.5111,1.5317161741835148,6430000
644,31152,38474,167.384,1.2115,1.5312189440993789,6440000
645,43668,38481,167.613,0.505,1.5296279069767442,6450000
646,30674,38466,167.939,0.6423,1.528254334365325,6460000
647,44642,38474,168.163,2.0525,1.529064605873261,6470000
648,47619,38485,168.373,3.511,1.532123148148148,6480000
649,45248,38494,168.594,0.8803,1.5311187981510015,6490000
650,48076,38506,168.803,0.6421,1.5297510769230769,6500000
651,57142,38525,168.978,0.784,1.528605529953917,6510000
652,50505,38539,169.176,1.5255,1.5286007668711656,6520000
653,76335,38568,169.307,0.7684,1.5274366003062787,6530000
654,50505,38582,169.505,0.9198,1.5265074923547401,6540000
655,29850,38565,169.84,0.6909,1.5252317557251909,6550000
656,56818,38584,170.016,0.7294,1.5240185975609757,6560000
657,29154,38565,170.359,1.9692,1.524696194824962,6570000
658,31055,38551,170.681,2.2116,1.525740121580547,6580000
659,85470,38583,170.798,2.3382,1.5269729893778452,6590000
660,40650,38586,171.044,1.4013,1.5267825757575757,6600000
661,87719,38619,171.158,1.493,1.526731467473525,6610000
662,44247,38626,171.384,1.453,1.5266200906344412,6620000
663,43290,38632,171.615,1.5178,1.5266067873303169,6630000
664,53763,38649,171.801,1.3854,1.5263941265060241,6640000
665,32573,38638,172.108,1.2393,1.5259624060150376,6650000
666,70921,38664,172.249,3.3723,1.5287346846846848,6660000
667,54347,38681,172.433,2.6745,1.5304524737631184,6670000
668,43668,38688,172.662,1.223,1.5299922155688623,6680000
669,30959,38673,172.985,1.1172,1.5293751868460388,6690000
670,90909,38707,173.095,1.1905,1.5288694029850747,6700000
671,43859,38713,173.323,1.0919,1.528218181818182,6710000
672,96153,38748,173.427,1.1635,1.5276754464285713,6720000
673,39062,38748,173.683,0.7085,1.5264582466567607,6730000
674,51546,38763,173.877,1.3315,1.5261689910979228,6740000
675,25125,38731,174.275,0.8704,1.5251974814814815,6750000
676,63694,38754,174.432,0.9537,1.524352071005917,6760000
677,26246,38727,174.813,1.1132,1.5237447562776958,6770000
678,31545,38714,175.13,2.4874,1.5251660766961652,6780000
679,56818,38732,175.307,1.1446,1.5246055964653902,6790000
680,109890,38768,175.398,0.9031,1.5236916176470587,6800000
681,79365,38798,175.524,1.1403,1.5231286343612336,6810000
682,28089,38776,175.88,1.9901,1.5238133431085044,6820000
683,25773,38747,176.268,1.3514,1.5235609077598828,6830000
684,46511,38757,176.483,0.8316,1.522549269005848,6840000
685,30211,38741,176.814,1.9631,1.523192408759124,6850000
686,37313,38739,177.082,4.7095,1.527837172011662,6860000
687,58823,38758,177.252,0.7481,1.5267021834061136,6870000
688,47393,38768,177.463,0.7119,1.5255178779069767,6880000
689,39370,38769,177.717,1.2352,1.5250965166908563,6890000
690,49751,38781,177.918,0.7871,1.524026956521739,6900000
691,29850,38765,178.253,1.1047,1.5234201157742402,6910000
692,46948,38774,178.466,1.2259,1.5229901734104045,6920000
693,88495,38806,178.579,1.9135,1.5235536796536797,6930000
694,49504,38818,178.781,0.7789,1.5224806916426512,6940000
695,29585,38801,179.119,1.436,1.5223562589928057,6950000
696,67567,38824,179.267,1.2015,1.5218952586206898,6960000
697,33670,38816,179.564,2.094,1.522716068866571,6970000
698,24213,38782,179.977,1.5118,1.5227004297994269,6980000
699,34013,38774,180.271,0.9125,1.5218274678111587,6990000
700,29761,38758,180.607,1.3653,1.5216038571428572,7000000
701,60606,38778,180.772,2.4906,1.5229861626248218,7010000
702,49504,38790,180.974,1.3949,1.5228037037037037,7020000
703,32679,38779,181.28,1.6446,1.5229769559032718,7030000
704,46296,38788,181.496,1.1633,1.5224660511363637,7040000
705,86206,38819,181.612,1.9425,1.5230618439716312,7050000
706,32679,38808,181.918,1.1424,1.5225226628895183,7060000
707,42016,38812,182.157,2.2433,1.5235421499292787,7070000
708,61728,38833,182.319,1.1485,1.523012429378531,7080000
709,45248,38840,182.54,1.4184,1.522864880112835,7090000
710,45871,38848,182.759,1.254,1.5224861971830985,7100000
711,85470,38878,182.876,1.515,1.5224756680731364,7110000
712,22727,38840,183.316,1.8103,1.522879915730337,7120000
713,32894,38830,183.62,2.1073,1.5236995792426367,7130000
714,54347,38845,183.804,2.1961,1.5246413165266106,7140000
715,120481,38882,183.887,0.477,1.523176083916084,7150000
716,42735,38887,184.121,0.6464,1.521951536312849,7160000
717,46296,38895,184.338,3.4978,1.5247072524407252,7170000
718,45248,38903,184.559,0.569,1.5233761838440112,7180000
719,29673,38886,184.896,1.0852,1.522766759388039,7190000
720,48780,38897,185.101,1.7479,1.5230794444444444,7200000
721,48780,38908,185.306,1.2992,1.522768932038835,7210000
722,52910,38922,185.495,1.3402,1.5225160664819946,7220000
723,135135,38961,185.569,2.551,1.5239385892116182,7230000
724,23529,38925,185.994,2.4227,1.5251799723756907,7240000
725,40650,38928,186.24,1.4922,1.5251344827586206,7250000
726,100000,38961,186.34,0.9575,1.5243526170798898,7260000
727,31446,38948,186.658,1.1642,1.5238572214580468,7270000
728,42918,38953,186.891,1.0887,1.523259478021978,7280000
729,70422,38977,187.033,1.4213,1.5231196159122085,7290000
730,34722,38970,187.321,0.6316,1.5218983561643835,7300000
731,52356,38984,187.512,1.6037,1.5220102599179206,7310000
732,47619,38993,187.722,2.1436,1.522859426229508,7320000
733,68493,39016,187.868,1.0835,1.5222600272851297,7330000
734,21551,38973,188.332,1.2164,1.5218433242506813,7340000
735,64935,38994,188.486,0.6819,1.520700544217687,7350000
736,57803,39012,188.659,1.25,1.5203327445652175,7360000
737,64935,39033,188.813,1.5074,1.5203151967435549,7370000
738,45871,39041,189.031,2.0752,1.5210670731707316,7380000
739,33112,39031,189.333,1.9828,1.5216918809201623,7390000
740,33222,39022,189.634,0.8619,1.5208002702702703,7400000
741,43290,39027,189.865,1.3513,1.520571524966262,7410000
742,57142,39044,190.04,0.9915,1.5198584905660377,7420000
743,44052,39050,190.267,1.1358,1.5193415881561239,7430000
744,100000,39082,190.367,2.6127,1.5208111559139785,7440000
745,23474,39047,190.793,1.3309,1.5205562416107383,7450000
746,57803,39064,190.966,0.7697,1.5195497319034852,7460000
747,45454,39071,191.186,1.0367,1.5189033467202142,7470000
748,86206,39100,191.302,0.6742,1.517774064171123,7480000
749,54945,39115,191.485,0.7611,1.516763818424566,7490000
750,35211,39109,191.769,1.7074,1.517018,7500000
751,47619,39118,191.979,1.6015,1.5171304926764315,7510000
752,31847,39106,192.293,0.55,1.515844414893617,7520000
753,37735,39105,192.558,0.785,1.5148738379814077,7530000
754,35842,39100,192.837,0.9658,1.514145623342175,7540000
755,44247,39106,193.063,1.1447,1.5136562913907285,7550000
756,65789,39127,193.215,0.4064,1.5121916666666666,7560000
757,42735,39131,193.449,0.4643,1.510807397622193,7570000
758,22026,39091,193.903,0.8044,1.5098754617414247,7580000
759,45454,39098,194.123,1.1854,1.5094479578392621,7590000
760,71942,39122,194.262,1.0027,1.5087811842105263,7600000
761,30030,39106,194.595,1.1859,1.5083568988173457,7610000
762,22421,39068,195.041,1.9107,1.508884908136483,7620000
763,29498,39052,195.38,1.103,1.5083529488859764,7630000
764,25000,39023,195.78,1.0697,1.5077787958115183,7640000
765,39682,39024,196.032,0.7064,1.5067312418300653,7650000
766,39370,39024,196.286,0.7927,1.50579908616188,7660000
767,33333,39016,196.586,0.6045,1.5046239895697522,7670000
768,34602,39009,196.875,0.5211,1.503343359375,7680000
769,41666,39012,197.115,1.819,1.5037538361508453,7690000
770,87719,39040,197.229,2.1046,1.5045341558441558,7700000
771,47619,39050,197.439,0.5653,1.503315953307393,7710000
772,25380,39022,197.833,0.9269,1.5025693005181346,7720000
773,28901,39005,198.179,1.5646,1.5026495472186288,7730000
774,41666,39008,198.419,0.6462,1.501543023255814,7740000
775,35460,39003,198.701,1.9578,1.5021317419354838,7750000
776,53763,39017,198.887,2.7531,1.5037438144329898,7760000
777,87719,39045,199.001,1.6319,1.5039087516087517,7770000
778,29673,39029,199.338,0.9211,1.5031596401028278,7780000
779,30864,39015,199.662,2.0391,1.5038476251604622,7790000
780,89285,39044,199.774,1.7396,1.5041498717948718,7800000
781,55865,39058,199.954,1.3268,1.5039227912932138,7810000
782,53475,39072,200.141,1.0708,1.503368925831202,7820000
783,38167,39071,200.403,1.1949,1.5029749680715199,7830000
784,82644,39097,200.524,0.9575,1.5022792091836734,7840000
785,30211,39082,200.855,1.0942,1.501759363057325,7850000
786,69930,39104,200.998,1.438,1.5016782442748091,7860000
787,51020,39116,201.194,0.6652,1.500615374841169,7870000
788,48309,39125,201.401,1.4746,1.5005823604060913,7880000
789,45662,39133,201.62,1.4381,1.5005031685678074,7890000
790,26881,39110,201.992,1.4659,1.5004593670886075,7900000
791,34965,39104,202.278,1.1086,1.49996396965866,7910000
792,48076,39113,202.486,1.3292,1.4997483585858586,7920000
793,29411,39097,202.826,0.5744,1.4985814627994956,7930000
794,46082,39105,203.043,0.833,1.4977431989924432,7940000
795,97087,39134,203.146,0.8404,1.4969163522012578,7950000
796,77519,39158,203.275,2.2343,1.4978427135678392,7960000
797,43859,39164,203.503,0.8052,1.4969736511919698,7970000
798,100000,39193,203.603,2.467,1.4981892230576441,7980000
799,30120,39179,203.935,0.8156,1.4973349186483105,7990000
800,43668,39184,204.164,1.1181,1.496860875,8000000
801,49751,39194,204.365,1.1148,1.4963838951310862,8010000
802,57142,39209,204.54,0.8711,1.4956042394014963,8020000
803,62893,39228,204.699,1.3051,1.49536699875467,8030000
804,39840,39229,204.95,0.8478,1.4945615671641792,8040000
805,49261,39239,205.153,2.5961,1.4959299378881987,8050000
806,45662,39245,205.372,1.0465,1.4953723325062034,8060000
807,24213,39215,205.785,1.0478,1.4948177199504338,8070000
808,43103,39220,206.017,1.9918,1.495432797029703,8080000
809,26809,39197,206.39,0.7118,1.4944641532756489,8090000
810,32679,39187,206.697,0.8514,1.4936702469135803,8100000
811,43668,39192,206.926,1.0734,1.4931520345252773,8110000
812,108695,39223,207.018,1.2397,1.4928399014778324,8120000
813,48076,39232,207.226,0.8605,1.4920621156211562,8130000
814,67567,39252,207.374,0.7635,1.491167076167076,8140000
815,24691,39224,207.779,0.9934,1.490556319018405,8150000
816,44444,39229,208.005,1.5341,1.4906096813725491,8160000
817,63694,39248,208.162,0.703,1.4896456548347614,8170000
818,47619,39256,208.372,0.7885,1.4887885085574573,8180000
819,95238,39284,208.477,1.1211,1.4883395604395604,8190000
820,46511,39292,208.692,1.4882,1.4883393902439024,8200000
821,45045,39298,208.914,0.8987,1.4876211936662607,8210000
822,66225,39317,209.065,0.9994,1.4870272506082725,8220000
823,31645,39306,209.381,1.0611,1.4865097205346294,8230000
824,121951,39338,209.463,0.9618,1.485872936893204,8240000
825,45871,39345,209.681,0.4539,1.4846220606060605,8250000
826,34602,39338,209.97,0.6609,1.483624818401937,8260000
827,37174,39336,210.239,2.038,1.4842951632406287,8270000
828,36101,39331,210.516,1.2073,1.4839606280193236,8280000
829,61728,39349,210.678,0.4832,1.4827534378769602,8290000
830,30487,39335,211.006,1.4255,1.4826844578313254,8300000
831,23866,39304,211.425,1.368,1.4825464500601684,8310000
832,53475,39317,211.612,0.6353,1.481528125,8320000
833,62500,39334,211.772,0.5902,1.4804581032412965,8330000
834,65359,39353,211.925,0.8137,1.479658633093525,8340000
835,50251,39363,212.124,0.8576,1.4789136526946107,8350000
836,89285,39390,212.236,0.8136,1.478117822966507,8360000
837,29585,39374,212.574,1.3209,1.4779299880525687,8370000
838,84033,39399,212.693,4.6522,1.4817178997613365,8380000
839,34965,39393,212.979,0.9143,1.4810415971394517,8390000
840,67114,39412,213.128,1.4308,1.4809817857142857,8400000
841,53475,39425,213.315,1.204,1.4806524375743162,8410000
842,52631,39437,213.505,1.9916,1.4812592636579573,8420000
843,69930,39457,213.648,2.3624,1.4823045077105574,8430000
844,77519,39480,213.777,1.3731,1.4821751184834122,8440000
845,40983,39482,214.021,1.4289,1.4821120710059172,8450000
846,46296,39488,214.237,1.8147,1.4825052009456265,8460000
847,107526,39518,214.33,1.5344,1.4825664698937426,8470000
848,65789,39537,214.482,0.9914,1.4819872641509435,8480000
849,25125,39510,214.88,1.7705,1.4823270906949353,8490000
850,40650,39511,215.126,1.1418,1.4819264705882353,8500000
851,43103,39515,215.358,2.0097,1.482546650998825,8510000
852,57803,39530,215.531,1.7228,1.4828286384976526,8520000
853,108695,39559,215.623,1.4841,1.4828301289566237,8530000
854,40160,39560,215.872,3.052,1.4846675644028102,8540000
855,100000,39588,215.972,0.6525,1.4836942690058479,8550000
856,35714,39583,216.252,1.451,1.4836560747663552,8560000
857,92592,39609,216.36,1.142,1.4832574095682614,8570000
858,34722,39603,216.648,2.1463,1.4840301864801866,8580000
859,29940,39588,216.982,0.923,1.4833770663562282,8590000
860,46082,39595,217.199,1.6807,1.483606511627907,8600000
861,62111,39611,217.36,0.6536,1.4826425087108015,8610000
862,67567,39630,217.508,0.8866,1.4819510440835266,8620000
863,20833,39589,217.988,2.294,1.4828920046349943,8630000
864,30487,39575,218.316,0.7069,1.4819938657407408,8640000
